,Year,Film Title,Winner
0,,"This article needs additional citations for verification. Please help improve this article by adding citations to reliable sources. Unsourced material may be challenged and removed.Find sources: ""Academy Award for Best Picture"" – news · newspapers · books · scholar · JSTOR (September 2023) (Learn how and when to remove this message)",Yes
1,Wings,"Famous Players–Lasky (Lucien Hubbard, Jesse L. Lasky, B. P. Schulberg, & Adolph Zukor, producers)",Yes
2,7th Heaven,"Fox (William Fox, producer)",Yes
3,The Racket,"The Caddo Company (Howard Hughes, producer)",Yes
4,The Broadway Melody,"Metro-Goldwyn-Mayer (Irving Thalberg & Lawrence Weingarten, producers)",Yes
5,Alibi,"Feature Productions (Roland West, producer)",Yes
6,The Hollywood Revue,"Metro-Goldwyn-Mayer (Irving Thalberg & Harry Rapf, producers)",Yes
7,In Old Arizona,"Fox (Winfield Sheehan, producer)",Yes
8,The Patriot,Paramount Famous Lasky,Yes
9,All Quiet on the Western Front,"Universal (Carl Laemmle Jr., producer)",Yes
10,The Big House,"Cosmopolitan (Irving Thalberg, producer)",Yes
11,Disraeli,"Warner Bros. (Jack L. Warner & Darryl F. Zanuck, producers)",Yes
12,The Divorcee,"Metro-Goldwyn-Mayer (Robert Z. Leonard, producer)",Yes
13,The Love Parade,"Paramount Famous Lasky (Ernst Lubitsch, producer)",Yes
14,Cimarron,"RKO Radio (William LeBaron, producer)",Yes
15,East Lynne,Fox,Yes
16,The Front Page,"The Caddo Company (Howard Hughes & Lewis Milestone, producers)",Yes
17,Skippy,"Paramount Publix (Jesse L. Lasky, B. P. Schulberg, & Adolph Zukor, producers)",Yes
18,Trader Horn,"Metro-Goldwyn-Mayer (Irving Thalberg, producer)",Yes
19,Grand Hotel,"Metro-Goldwyn-Mayer (Irving Thalberg, producer)",Yes
20,Arrowsmith,"Samuel Goldwyn Productions (Samuel Goldwyn, producer)",Yes
21,Bad Girl,Fox,Yes
22,The Champ,"Metro-Goldwyn-Mayer (King Vidor, producer)",Yes
23,Five Star Final,"First National (Hal B. Wallis, producer)",Yes
24,One Hour with You,"Paramount Publix (Ernst Lubitsch, producer)",Yes
25,Shanghai Express,"Paramount Publix (Adolph Zukor, producer)",Yes
26,The Smiling Lieutenant,"Paramount Publix (Ernst Lubitsch, producer)",Yes
27,Cavalcade,"Fox (Frank Lloyd & Winfield Sheehan, producers)",Yes
28,42nd Street,Warner Bros.,Yes
29,A Farewell to Arms,Paramount,Yes
30,I Am a Fugitive from a Chain Gang,Warner Bros.,Yes
31,Lady for a Day,Columbia,Yes
32,Little Women,RKO Radio,Yes
33,The Private Life of Henry VIII,London Films,Yes
34,She Done Him Wrong,Paramount,Yes
35,Smilin' Through,Metro-Goldwyn-Mayer,Yes
36,State Fair,Fox,Yes
37,It Happened One Night,"Columbia (Frank Capra & Harry Cohn, producer)",Yes
38,The Barretts of Wimpole Street,Metro-Goldwyn-Mayer,Yes
39,Cleopatra,Paramount,Yes
40,Flirtation Walk,First National,Yes
41,The Gay Divorcee,RKO Radio,Yes
42,Here Comes the Navy,Warner Bros.,Yes
43,The House of Rothschild,20th Century,Yes
44,Imitation of Life,Universal,Yes
45,One Night of Love,Columbia,Yes
46,The Thin Man,Metro-Goldwyn-Mayer,Yes
47,Viva Villa!,Metro-Goldwyn-Mayer,Yes
48,The White Parade,Jesse L. Lasky (production company),Yes
49,Mutiny on the Bounty,"Metro-Goldwyn-Mayer (Frank Lloyd & Irving Thalberg, producers)",Yes
50,Alice Adams,RKO Radio,Yes
51,Broadway Melody of 1936,Metro-Goldwyn-Mayer,Yes
52,Captain Blood,Cosmopolitan,Yes
53,David Copperfield,Metro-Goldwyn-Mayer,Yes
54,The Informer,RKO Radio,Yes
55,The Lives of a Bengal Lancer,Paramount,Yes
56,A Midsummer Night's Dream,Warner Bros.,Yes
57,Les Misérables,20th Century,Yes
58,Naughty Marietta,Metro-Goldwyn-Mayer,Yes
59,Ruggles of Red Gap,Paramount,Yes
60,Top Hat,RKO Radio,Yes
61,The Great Ziegfeld,"Metro-Goldwyn-Mayer (Hunt Stromberg, producer)",Yes
62,Anthony Adverse,Warner Bros.,Yes
63,Dodsworth,"Samuel Goldwyn Productions (Samuel Goldwyn, producer)",Yes
64,Libeled Lady,Metro-Goldwyn-Mayer,Yes
65,Mr. Deeds Goes to Town,Columbia,Yes
66,Romeo and Juliet,Metro-Goldwyn-Mayer,Yes
67,San Francisco,Metro-Goldwyn-Mayer,Yes
68,The Story of Louis Pasteur,Cosmopolitan,Yes
69,A Tale of Two Cities,Metro-Goldwyn-Mayer,Yes
70,Three Smart Girls,Universal,Yes
71,The Life of Emile Zola,"Warner Bros. (Henry Blanke, producer)",Yes
72,The Awful Truth,Columbia,Yes
73,Captains Courageous,Metro-Goldwyn-Mayer,Yes
74,Dead End,"Samuel Goldwyn Productions (Samuel Goldwyn, producer)",Yes
75,The Good Earth,Metro-Goldwyn-Mayer,Yes
76,In Old Chicago,20th Century-Fox,Yes
77,Lost Horizon,Columbia,Yes
78,One Hundred Men and a Girl,Universal,Yes
79,Stage Door,RKO Radio,Yes
80,A Star Is Born,Selznick International Pictures,Yes
81,You Can't Take It with You,"Columbia (Frank Capra, producer)",Yes
82,The Adventures of Robin Hood,Warner Bros.-First National,Yes
83,Alexander's Ragtime Band,20th Century-Fox,Yes
84,Boys Town,Metro-Goldwyn-Mayer,Yes
85,The Citadel,Metro-Goldwyn-Mayer,Yes
86,Four Daughters,Warner Bros.-First National,Yes
87,Grand Illusion,Réalisation d'art Cinématographique,Yes
88,Jezebel,Warner Bros.,Yes
89,Pygmalion,Metro-Goldwyn-Mayer,Yes
90,Test Pilot,Metro-Goldwyn-Mayer,Yes
91,Gone with the Wind,"Selznick International Pictures (David O. Selznick, producer)",Yes
92,Dark Victory,Warner Bros.-First National,Yes
93,"Goodbye, Mr. Chips",Metro-Goldwyn-Mayer,Yes
94,Love Affair,RKO Radio,Yes
95,Mr. Smith Goes to Washington,Columbia,Yes
96,Ninotchka,Metro-Goldwyn-Mayer,Yes
97,Of Mice and Men,Hal Roach (production company),Yes
98,Stagecoach,Walter Wanger (production company),Yes
99,The Wizard of Oz,Metro-Goldwyn-Mayer,Yes
100,Wuthering Heights,Samuel Goldwyn Productions,Yes
101,Rebecca,"Selznick International Pictures (David O. Selznick, producer)",Yes
102,"All This, and Heaven Too",Warner Bros.,Yes
103,Foreign Correspondent,Walter Wanger (production company),Yes
104,The Grapes of Wrath,20th Century-Fox,Yes
105,The Great Dictator,Charles Chaplin Productions,Yes
106,Kitty Foyle,RKO Radio,Yes
107,The Letter,Warner Bros.,Yes
108,The Long Voyage Home,Argosy-Wanger,Yes
109,Our Town,Sol Lesser (production company),Yes
110,The Philadelphia Story,Metro-Goldwyn-Mayer,Yes
111,How Green Was My Valley,"20th Century-Fox (Darryl F. Zanuck, producer)",Yes
112,Blossoms in the Dust,Metro-Goldwyn-Mayer,Yes
113,Citizen Kane,Mercury,Yes
114,Here Comes Mr. Jordan,Columbia,Yes
115,Hold Back the Dawn,Paramount,Yes
116,The Little Foxes,"Samuel Goldwyn Productions (Samuel Goldwyn, producer)",Yes
117,The Maltese Falcon,Warner Bros.,Yes
118,One Foot in Heaven,Warner Bros.,Yes
119,Sergeant York,Warner Bros.,Yes
120,Suspicion,RKO Radio,Yes
121,Mrs. Miniver,"Metro-Goldwyn-Mayer (Sidney Franklin, producer)",Yes
122,49th Parallel[83],Ortus,Yes
123,Kings Row,Warner Bros.,Yes
124,The Magnificent Ambersons,Mercury,Yes
125,The Pied Piper,20th Century-Fox,Yes
126,The Pride of the Yankees,"Samuel Goldwyn Productions (Samuel Goldwyn, producer)",Yes
127,Random Harvest,Metro-Goldwyn-Mayer,Yes
128,The Talk of the Town,Columbia,Yes
129,Wake Island,Paramount,Yes
130,Yankee Doodle Dandy,Warner Bros.,Yes
131,Casablanca,"Warner Bros. (Hal B. Wallis, producer)",Yes
132,For Whom the Bell Tolls,Paramount,Yes
133,Heaven Can Wait,20th Century-Fox,Yes
134,The Human Comedy,Metro-Goldwyn-Mayer,Yes
135,In Which We Serve,Two Cities Films,Yes
136,Madame Curie,Metro-Goldwyn-Mayer,Yes
137,The More the Merrier,Columbia,Yes
138,The Ox-Bow Incident,20th Century-Fox,Yes
139,The Song of Bernadette,20th Century-Fox,Yes
140,Watch on the Rhine,Warner Bros.,Yes
141,Going My Way,"Paramount (Leo McCarey, producer)",Yes
142,Double Indemnity,Paramount,Yes
143,Gaslight,Metro-Goldwyn-Mayer,Yes
144,Since You Went Away,"Selznick International Pictures (David O. Selznick, producer)",Yes
145,Wilson,20th Century-Fox,Yes
146,The Lost Weekend,"Paramount (Charles Brackett, producer)",Yes
147,Anchors Aweigh,Metro-Goldwyn-Mayer,Yes
148,The Bells of St. Mary's,Rainbow Productions,Yes
149,Mildred Pierce,Warner Bros.,Yes
150,Spellbound,"Selznick International Pictures (David O. Selznick, producer)",Yes
151,The Best Years of Our Lives,"Samuel Goldwyn Productions (Samuel Goldwyn, producer)",Yes
152,Henry V,Two Cities Films,Yes
153,It's a Wonderful Life,Liberty Films,Yes
154,The Razor's Edge,20th Century-Fox,Yes
155,The Yearling,Metro-Goldwyn-Mayer,Yes
156,Gentleman's Agreement,"20th Century-Fox (Darryl F. Zanuck, producer)",Yes
157,The Bishop's Wife,"Samuel Goldwyn Productions (Samuel Goldwyn, producer)",Yes
158,Crossfire,RKO Radio,Yes
159,Great Expectations,J. Arthur Rank-Cineguild,Yes
160,Miracle on 34th Street,20th Century-Fox,Yes
161,Hamlet,"J. Arthur Rank-Two Cities Films (Laurence Olivier, producer)",Yes
162,Johnny Belinda,Warner Bros.,Yes
163,The Red Shoes,J. Arthur Rank-Archers,Yes
164,The Snake Pit,20th Century-Fox,Yes
165,The Treasure of the Sierra Madre,Warner Bros.,Yes
166,All the King's Men,"Columbia (Robert Rossen, producer)",Yes
167,Battleground,Metro-Goldwyn-Mayer,Yes
168,The Heiress,Paramount,Yes
169,A Letter to Three Wives,20th Century-Fox,Yes
170,Twelve O'Clock High,20th Century-Fox,Yes
171,All About Eve,"20th Century-Fox (Darryl F. Zanuck, producer)",Yes
172,Born Yesterday,Columbia,Yes
173,Father of the Bride,Metro-Goldwyn-Mayer,Yes
174,King Solomon's Mines,Metro-Goldwyn-Mayer,Yes
175,Sunset Boulevard,Paramount,Yes
176,An American in Paris,Arthur Freed,Yes
177,Decision Before Dawn,Anatole Litvak and Frank McCarthy,Yes
178,A Place in the Sun,George Stevens,Yes
179,Quo Vadis,Sam Zimbalist,Yes
180,A Streetcar Named Desire,Charles K. Feldman,Yes
181,The Greatest Show on Earth,Cecil B. DeMille,Yes
182,High Noon,Stanley Kramer,Yes
183,Ivanhoe,Pandro S. Berman,Yes
184,Moulin Rouge,John and James Woolf,Yes
185,The Quiet Man,John Ford and Merian C. Cooper,Yes
186,From Here to Eternity,Buddy Adler,Yes
187,Julius Caesar,John Houseman,Yes
188,The Robe,Frank Ross,Yes
189,Roman Holiday,William Wyler,Yes
190,Shane,George Stevens,Yes
191,On the Waterfront,Sam Spiegel,Yes
192,The Caine Mutiny,Stanley Kramer,Yes
193,The Country Girl,William Perlberg,Yes
194,Seven Brides for Seven Brothers,Jack Cummings,Yes
195,Three Coins in the Fountain,Sol C. Siegel,Yes
196,Marty,Harold Hecht,Yes
197,Love Is a Many-Splendored Thing,Buddy Adler,Yes
198,Mister Roberts,Leland Hayward,Yes
199,Picnic,Fred Kohlmar,Yes
200,The Rose Tattoo,Hal B. Wallis,Yes
201,Around the World in 80 Days,Michael Todd,Yes
202,Friendly Persuasion,William Wyler,Yes
203,Giant,George Stevens and Henry Ginsberg,Yes
204,The King and I,Charles Brackett,Yes
205,The Ten Commandments,Cecil B. DeMille,Yes
206,The Bridge on the River Kwai,Sam Spiegel,Yes
207,12 Angry Men,Henry Fonda and Reginald Rose,Yes
208,Peyton Place,Jerry Wald,Yes
209,Sayonara,William Goetz,Yes
210,Witness for the Prosecution,Arthur Hornblow Jr.,Yes
211,Gigi,Arthur Freed,Yes
212,Auntie Mame,Jack L. Warner,Yes
213,Cat on a Hot Tin Roof,Lawrence Weingarten,Yes
214,The Defiant Ones,Stanley Kramer,Yes
215,Separate Tables,Harold Hecht,Yes
216,Ben-Hur,Sam Zimbalist,Yes
217,Anatomy of a Murder,Otto Preminger,Yes
218,The Diary of Anne Frank,George Stevens,Yes
219,The Nun's Story,Henry Blanke,Yes
220,Room at the Top,John and James Woolf,Yes
221,The Apartment,Billy Wilder,Yes
222,The Alamo,John Wayne,Yes
223,Elmer Gantry,Bernard Smith,Yes
224,Sons and Lovers,Jerry Wald,Yes
225,The Sundowners,Fred Zinnemann,Yes
226,West Side Story,Robert Wise,Yes
227,Fanny,Joshua Logan,Yes
228,The Guns of Navarone,Carl Foreman,Yes
229,The Hustler,Robert Rossen,Yes
230,Judgment at Nuremberg,Stanley Kramer,Yes
231,Lawrence of Arabia,Sam Spiegel,Yes
232,The Longest Day,Darryl F. Zanuck,Yes
233,The Music Man,Morton DaCosta,Yes
234,Mutiny on the Bounty,Aaron Rosenberg,Yes
235,To Kill a Mockingbird,Alan J. Pakula,Yes
236,Tom Jones,Tony Richardson,Yes
237,America America,Elia Kazan,Yes
238,Cleopatra,Walter Wanger,Yes
239,How the West Was Won,Bernard Smith,Yes
240,Lilies of the Field,Ralph Nelson,Yes
241,My Fair Lady,Jack L. Warner,Yes
242,Becket,Hal B. Wallis,Yes
243,Dr. Strangelove or: How I Learned to Stop Worrying and Love the Bomb,Stanley Kubrick,Yes
244,Mary Poppins,Walt Disney and Bill Walsh,Yes
245,Zorba the Greek,Michael Cacoyannis,Yes
246,The Sound of Music,Robert Wise,Yes
247,Darling,Joseph Janni,Yes
248,Doctor Zhivago,Carlo Ponti,Yes
249,Ship of Fools,Stanley Kramer,Yes
250,A Thousand Clowns,Fred Coe,Yes
251,A Man for All Seasons,Fred Zinnemann,Yes
252,Alfie,Lewis Gilbert,Yes
253,"The Russians Are Coming, the Russians Are Coming",Norman Jewison,Yes
254,The Sand Pebbles,Robert Wise,Yes
255,Who's Afraid of Virginia Woolf?,Ernest Lehman,Yes
256,In the Heat of the Night,Walter Mirisch,Yes
257,Bonnie and Clyde,Warren Beatty,Yes
258,Doctor Dolittle,Arthur P. Jacobs,Yes
259,The Graduate,Lawrence Turman,Yes
260,Guess Who's Coming to Dinner,Stanley Kramer,Yes
261,Oliver!,John Woolf,Yes
262,Funny Girl,Ray Stark,Yes
263,The Lion in Winter,Martin Poll,Yes
264,"Rachel, Rachel",Paul Newman,Yes
265,Romeo and Juliet,Anthony Havelock-Allan and John Brabourne,Yes
266,Midnight Cowboy,Jerome Hellman,Yes
267,Anne of the Thousand Days,Hal B. Wallis,Yes
268,Butch Cassidy and the Sundance Kid,John Foreman,Yes
269,"Hello, Dolly!",Ernest Lehman,Yes
270,Z,Jacques Perrin and Ahmed Rachedi,Yes
271,Patton,Frank McCarthy,Yes
272,Airport,Ross Hunter,Yes
273,Five Easy Pieces,Bob Rafelson and Richard Wechsler,Yes
274,Love Story,Howard G. Minsky,Yes
275,M*A*S*H,Ingo Preminger,Yes
276,The French Connection,Philip D'Antoni,Yes
277,A Clockwork Orange,Stanley Kubrick,Yes
278,Fiddler on the Roof,Norman Jewison,Yes
279,The Last Picture Show,Stephen J. Friedman,Yes
280,Nicholas and Alexandra,Sam Spiegel,Yes
281,The Godfather,Albert S. Ruddy,Yes
282,Cabaret,Cy Feuer,Yes
283,Deliverance,John Boorman,Yes
284,The Emigrants,Bengt Forslund,Yes
285,Sounder,Robert B. Radnitz,Yes
286,The Sting,"Tony Bill, Michael Phillips, and Julia Phillips",Yes
287,American Graffiti,Francis Ford Coppola and Gary Kurtz,Yes
288,Cries and Whispers,Ingmar Bergman,Yes
289,The Exorcist,William Peter Blatty,Yes
290,A Touch of Class,Melvin Frank,Yes
291,The Godfather Part II,"Francis Ford Coppola, Gray Frederickson, and Fred Roos",Yes
292,Chinatown,Robert Evans,Yes
293,The Conversation,Francis Ford Coppola,Yes
294,Lenny,Marvin Worth,Yes
295,The Towering Inferno,Irwin Allen,Yes
296,One Flew Over the Cuckoo's Nest,Michael Douglas and Saul Zaentz,Yes
297,Barry Lyndon,Stanley Kubrick,Yes
298,Dog Day Afternoon,Martin Bregman and Martin Elfand,Yes
299,Jaws,Richard D. Zanuck and David Brown,Yes
300,Nashville,Robert Altman,Yes
301,Rocky,Irwin Winkler and Robert Chartoff,Yes
302,All the President's Men,Walter Coblenz,Yes
303,Bound for Glory,Robert F. Blumofe and Harold Leventhal,Yes
304,Network,Howard Gottfried,Yes
305,Taxi Driver,Michael Phillips and Julia Phillips,Yes
306,Annie Hall,Charles H. Joffe,Yes
307,The Goodbye Girl,Ray Stark,Yes
308,Julia,Richard Roth,Yes
309,Star Wars,Gary Kurtz,Yes
310,The Turning Point,Herbert Ross and Arthur Laurents,Yes
311,The Deer Hunter,"Barry Spikings, Michael Deeley, Michael Cimino, and John Peverall",Yes
312,Coming Home,Jerome Hellman,Yes
313,Heaven Can Wait,Warren Beatty,Yes
314,Midnight Express,Alan Marshall and David Puttnam,Yes
315,An Unmarried Woman,Paul Mazursky and Anthony Ray,Yes
316,Kramer vs. Kramer,Stanley R. Jaffe,Yes
317,All That Jazz,Robert Alan Aurthur,Yes
318,Apocalypse Now,"Francis Ford Coppola, Fred Roos, Gray Frederickson, and Tom Sternberg",Yes
319,Breaking Away,Peter Yates,Yes
320,Norma Rae,Tamara Asseyev and Alex Rose,Yes
321,Ordinary People,Ronald L. Schwary,Yes
322,Coal Miner's Daughter,Bernard Schwartz,Yes
323,The Elephant Man,Jonathan Sanger,Yes
324,Raging Bull,Irwin Winkler and Robert Chartoff,Yes
325,Tess,Claude Berri and Timothy Burrill,Yes
326,Chariots of Fire,David Puttnam,Yes
327,Atlantic City,Denis Héroux,Yes
328,On Golden Pond,Bruce Gilbert,Yes
329,Raiders of the Lost Ark,Frank Marshall,Yes
330,Reds,Warren Beatty,Yes
331,Gandhi,Richard Attenborough,Yes
332,E.T. the Extra-Terrestrial,Steven Spielberg and Kathleen Kennedy,Yes
333,Missing,Edward Lewis and Mildred Lewis,Yes
334,Tootsie,Sydney Pollack and Dick Richards,Yes
335,The Verdict,Richard D. Zanuck and David Brown,Yes
336,Terms of Endearment,James L. Brooks,Yes
337,The Big Chill,Michael Shamberg,Yes
338,The Dresser,Peter Yates,Yes
339,The Right Stuff,Irwin Winkler and Robert Chartoff,Yes
340,Tender Mercies,Philip S. Hobel,Yes
341,Amadeus,Saul Zaentz,Yes
342,The Killing Fields,David Puttnam,Yes
343,A Passage to India,John Brabourne and Richard Goodwin,Yes
344,Places in the Heart,Arlene Donovan,Yes
345,A Soldier's Story,"Norman Jewison, Ronald L. Schwary, and Patrick J. Palmer",Yes
346,Out of Africa,Sydney Pollack,Yes
347,The Color Purple,"Steven Spielberg, Kathleen Kennedy, Frank Marshall, and Quincy Jones",Yes
348,Kiss of the Spider Woman,David Weisman,Yes
349,Prizzi's Honor,John Foreman,Yes
350,Witness,Edward S. Feldman,Yes
351,Platoon,Arnold Kopelson,Yes
352,Children of a Lesser God,Burt Sugarman and Patrick J. Palmer,Yes
353,Hannah and Her Sisters,Robert Greenhut,Yes
354,The Mission,Fernando Ghia and David Puttnam,Yes
355,A Room with a View,Ismail Merchant,Yes
356,The Last Emperor,Jeremy Thomas,Yes
357,Broadcast News,James L. Brooks,Yes
358,Fatal Attraction,Stanley R. Jaffe and Sherry Lansing,Yes
359,Hope and Glory,John Boorman,Yes
360,Moonstruck,Patrick J. Palmer and Norman Jewison,Yes
361,Rain Man,Mark Johnson,Yes
362,The Accidental Tourist,"Lawrence Kasdan, Charles Okun, and Michael Grillo",Yes
363,Dangerous Liaisons,Norma Heyman and Hank Moonjean,Yes
364,Mississippi Burning,Frederick Zollo and Robert F. Colesberry,Yes
365,Working Girl,Douglas Wick,Yes
366,Driving Miss Daisy,Richard D. Zanuck and Lili Fini Zanuck,Yes
367,Born on the Fourth of July,A. Kitman Ho and Oliver Stone,Yes
368,Dead Poets Society,"Steven Haft, Paul Junger Witt, and Tony Thomas",Yes
369,Field of Dreams,Lawrence Gordon and Charles Gordon,Yes
370,My Left Foot,Noel Pearson,Yes
371,Dances With Wolves,Jim Wilson and Kevin Costner,Yes
372,Awakenings,Walter F. Parkes and Lawrence Lasker,Yes
373,Ghost,Lisa Weinstein,Yes
374,The Godfather Part III,Francis Ford Coppola,Yes
375,Goodfellas,Irwin Winkler,Yes
376,The Silence of the Lambs,"Edward Saxon, Kenneth Utt, and Ron Bozman",Yes
377,Beauty and the Beast,Don Hahn,Yes
378,Bugsy,"Mark Johnson, Barry Levinson and Warren Beatty",Yes
379,JFK,A. Kitman Ho and Oliver Stone,Yes
380,The Prince of Tides,Barbra Streisand and Andrew Karsch,Yes
381,Unforgiven,Clint Eastwood,Yes
382,The Crying Game,Stephen Woolley,Yes
383,A Few Good Men,"David Brown, Rob Reiner, and Andrew Scheinman",Yes
384,Howards End,Ismail Merchant,Yes
385,Scent of a Woman,Martin Brest,Yes
386,Schindler's List,"Steven Spielberg, Gerald R. Molen, and Branko Lustig",Yes
387,The Fugitive,Arnold Kopelson,Yes
388,In the Name of the Father,Jim Sheridan,Yes
389,The Piano,Jan Chapman,Yes
390,The Remains of the Day,"Mike Nichols, John Calley, and Ismail Merchant",Yes
391,Forrest Gump,"Wendy Finerman, Steve Tisch, and Steve Starkey",Yes
392,Four Weddings and a Funeral,Duncan Kenworthy,Yes
393,Pulp Fiction,Lawrence Bender,Yes
394,Quiz Show,"Michael Jacobs, Julian Krainin, Michael Nozik, and Robert Redford",Yes
395,The Shawshank Redemption,Niki Marvin,Yes
396,Braveheart,"Mel Gibson, Alan Ladd Jr., and Bruce Davey",Yes
397,Apollo 13,Brian Grazer,Yes
398,Babe,"Bill Miller, George Miller, and Doug Mitchell",Yes
399,Il Postino: The Postman,"Mario Cecchi Gori, Vittorio Cecchi Gori, and Gaetano Daniele",Yes
400,Sense and Sensibility,Lindsay Doran,Yes
401,The English Patient,Saul Zaentz,Yes
402,Fargo,Ethan Coen,Yes
403,Jerry Maguire,"James L. Brooks, Laurence Mark, Richard Sakai, and Cameron Crowe",Yes
404,Secrets & Lies,Simon Channing Williams,Yes
405,Shine,Jane Scott,Yes
406,Titanic,James Cameron and Jon Landau,Yes
407,As Good as It Gets,"James L. Brooks, Bridget Johnson, and Kristi Zea",Yes
408,The Full Monty,Uberto Pasolini,Yes
409,Good Will Hunting,Lawrence Bender,Yes
410,L.A. Confidential,"Curtis Hanson, Arnon Milchan, and Michael Nathanson",Yes
411,Shakespeare in Love,"David Parfitt, Donna Gigliotti, Harvey Weinstein, Edward Zwick, and Marc Norman",Yes
412,Elizabeth,"Alison Owen, Eric Fellner and Tim Bevan",Yes
413,Life Is Beautiful,Elda Ferri and Gianluigi Braschi,Yes
414,Saving Private Ryan,"Steven Spielberg, Ian Bryce, Mark Gordon, and Gary Levinsohn",Yes
415,The Thin Red Line,"Robert Michael Geisler, John Roberdeau, and Grant Hill",Yes
416,American Beauty,Bruce Cohen and Dan Jinks,Yes
417,The Cider House Rules,Richard N. Gladstein,Yes
418,The Green Mile,Frank Darabont and David Valdes,Yes
419,The Insider,Pieter Jan Brugge and Michael Mann,Yes
420,The Sixth Sense,"Frank Marshall, Kathleen Kennedy, and Barry Mendel",Yes
421,Gladiator,"Douglas Wick, David Franzoni, and Branko Lustig",Yes
422,Chocolat,"David Brown, Kit Golden, and Leslie Holleran",Yes
423,"Crouching Tiger, Hidden Dragon","William Kong, Hsu Li-kong, and Ang Lee",Yes
424,Erin Brockovich,"Danny DeVito, Michael Shamberg, and Stacey Sher",Yes
425,Traffic,"Edward Zwick, Marshall Herskovitz, and Laura Bickford",Yes
426,A Beautiful Mind,Brian Grazer and Ron Howard,Yes
427,Gosford Park,"Robert Altman, Bob Balaban, and David Levy",Yes
428,In the Bedroom,"Graham Leader, Ross Katz, and Todd Field",Yes
429,The Lord of the Rings: The Fellowship of the Ring,"Peter Jackson, Fran Walsh, and Barrie M. Osborne",Yes
430,Moulin Rouge!,"Martin Brown, Baz Luhrmann, and Fred Baron",Yes
431,Chicago,Martin Richards,Yes
432,Gangs of New York,Alberto Grimaldi and Harvey Weinstein,Yes
433,The Hours,Scott Rudin and Robert Fox,Yes
434,The Lord of the Rings: The Two Towers,"Barrie M. Osborne, Fran Walsh, and Peter Jackson",Yes
435,The Pianist,"Roman Polanski, Robert Benmussa, and Alain Sarde",Yes
436,The Lord of the Rings: The Return of the King,"Barrie M. Osborne, Peter Jackson, and Fran Walsh",Yes
437,Lost in Translation,Ross Katz and Sofia Coppola,Yes
438,Master and Commander: The Far Side of the World,"Samuel Goldwyn Jr., Peter Weir, and Duncan Henderson",Yes
439,Mystic River,"Robert Lorenz, Judie G. Hoyt, and Clint Eastwood",Yes
440,Seabiscuit,"Kathleen Kennedy, Frank Marshall, and Gary Ross",Yes
441,Million Dollar Baby,"Clint Eastwood, Albert S. Ruddy, and Tom Rosenberg",Yes
442,The Aviator,Michael Mann and Graham King,Yes
443,Finding Neverland,Richard N. Gladstein and Nellie Bellflower,Yes
444,Ray,"Taylor Hackford, Stuart Benjamin, and Howard Baldwin",Yes
445,Sideways,Michael London,Yes
446,Crash,Paul Haggis and Cathy Schulman,Yes
447,Brokeback Mountain,Diana Ossana and James Schamus,Yes
448,Capote,"Caroline Baron, William Vince, and Michael Ohoven",Yes
449,"Good Night, and Good Luck",Grant Heslov,Yes
450,Munich,"Steven Spielberg, Kathleen Kennedy, and Barry Mendel",Yes
451,The Departed,Graham King,Yes
452,Babel,"Alejandro González Iñárritu, Steve Golin, and Jon Kilik",Yes
453,Letters from Iwo Jima,"Clint Eastwood, Steven Spielberg, and Robert Lorenz",Yes
454,Little Miss Sunshine,"David T. Friendly, Peter Saraf, and Marc Turtletaub",Yes
455,The Queen,"Andy Harries, Christine Langan, and Tracey Seaward",Yes
456,No Country for Old Men,"Scott Rudin, Joel Coen, and Ethan Coen",Yes
457,Atonement,"Tim Bevan, Eric Fellner, and Paul Webster",Yes
458,Juno,"Lianne Halfon, Mason Novick, and Russell Smith",Yes
459,Michael Clayton,"Jennifer Fox, Kerry Orent, and Sydney Pollack",Yes
460,There Will Be Blood,"Paul Thomas Anderson, Daniel Lupi, and JoAnne Sellar",Yes
461,Slumdog Millionaire,Christian Colson,Yes
462,The Curious Case of Benjamin Button,"Kathleen Kennedy, Frank Marshall, and Ceán Chaffin",Yes
463,Frost/Nixon,"Ron Howard, Brian Grazer, and Eric Fellner",Yes
464,Milk,Bruce Cohen and Dan Jinks,Yes
465,The Reader,"Anthony Minghella, Sydney Pollack, Donna Gigliotti, and Redmond Morris",Yes
466,The Hurt Locker,"Kathryn Bigelow, Mark Boal, Nicolas Chartier, and Greg Shapiro",Yes
467,Avatar,James Cameron and Jon Landau,Yes
468,The Blind Side,"Gil Netter, Andrew Kosove, and Broderick Johnson",Yes
469,District 9,Peter Jackson and Carolynne Cunningham,Yes
470,An Education,Finola Dwyer and Amanda Posey,Yes
471,Inglourious Basterds,Lawrence Bender,Yes
472,"Precious: Based on the Novel ""Push"" by Sapphire","Lee Daniels, Sarah Siegel-Magness, and Gary Magness",Yes
473,A Serious Man,Joel Coen and Ethan Coen,Yes
474,Up,Jonas Rivera,Yes
475,Up in the Air,"Daniel Dubiecki, Ivan Reitman, and Jason Reitman",Yes
476,The King's Speech,"Iain Canning, Emile Sherman, and Gareth Unwin",Yes
477,Black Swan,"Scott Franklin, Mike Medavoy, and Brian Oliver",Yes
478,The Fighter,"David Hoberman, Todd Lieberman, and Mark Wahlberg",Yes
479,Inception,Christopher Nolan and Emma Thomas,Yes
480,The Kids Are All Right,"Gary Gilbert, Jeff Levy-Hinte, and Celine Rattray",Yes
481,127 Hours,"Danny Boyle, John Smithson, and Christian Colson",Yes
482,The Social Network,"Dana Brunetti, Ceán Chaffin, Michael De Luca, and Scott Rudin",Yes
483,Toy Story 3,Darla K. Anderson,Yes
484,True Grit,"Joel Coen, Ethan Coen, and Scott Rudin",Yes
485,Winter's Bone,Alix Madigan and Anne Rosellini,Yes
486,The Artist,Thomas Langmann,Yes
487,The Descendants,"Jim Burke, Alexander Payne, and Jim Taylor",Yes
488,Extremely Loud & Incredibly Close,Scott Rudin,Yes
489,The Help,"Brunson Green, Chris Columbus, and Michael Barnathan",Yes
490,Hugo,Graham King and Martin Scorsese,Yes
491,Midnight in Paris,Letty Aronson and Stephen Tenenbaum,Yes
492,Moneyball,"Michael De Luca, Rachael Horovitz, and Brad Pitt",Yes
493,The Tree of Life,"Sarah Green, Bill Pohlad, Dede Gardner, and Grant Hill",Yes
494,War Horse,Steven Spielberg and Kathleen Kennedy,Yes
495,Argo,"Grant Heslov, Ben Affleck, and George Clooney",Yes
496,Amour,"Margaret Ménégoz, Stefan Arndt, Veit Heiduschka, and Michael Katz",Yes
497,Beasts of the Southern Wild,"Dan Janvey, Josh Penn, and Michael Gottwald",Yes
498,Django Unchained,"Stacey Sher, Reginald Hudlin, and Pilar Savone",Yes
499,Life of Pi,"Gil Netter, Ang Lee, and David Womark",Yes
500,Lincoln,Steven Spielberg and Kathleen Kennedy,Yes
501,Les Misérables,"Tim Bevan, Eric Fellner, Debra Hayward, and Cameron Mackintosh",Yes
502,Silver Linings Playbook,"Donna Gigliotti, Bruce Cohen, and Jonathan Gordon",Yes
503,Zero Dark Thirty,"Mark Boal, Kathryn Bigelow, and Megan Ellison",Yes
504,12 Years a Slave,"Brad Pitt, Dede Gardner, Jeremy Kleiner, Steve McQueen, and Anthony Katagas",Yes
505,American Hustle,"Charles Roven, Richard Suckle, Megan Ellison, and Jonathan Gordon",Yes
506,Captain Phillips,"Scott Rudin, Dana Brunetti, and Michael De Luca",Yes
507,Dallas Buyers Club,Robbie Brenner and Rachel Winter,Yes
508,Gravity,Alfonso Cuarón and David Heyman,Yes
509,Her,"Megan Ellison, Spike Jonze, and Vincent Landay",Yes
510,Nebraska,Albert Berger and Ron Yerxa,Yes
511,Philomena,"Gabrielle Tana, Steve Coogan, and Tracey Seaward",Yes
512,The Wolf of Wall Street,"Martin Scorsese, Leonardo DiCaprio, Joey McFarland, and Emma Tillinger Koskoff",Yes
513,Birdman or (The Unexpected Virtue of Ignorance),"Alejandro González Iñárritu, John Lesher, and James W. Skotchdopole",Yes
514,American Sniper,"Clint Eastwood, Andrew Lazar, Robert Lorenz, Bradley Cooper, and Peter Morgan",Yes
515,Boyhood,Richard Linklater and Cathleen Sutherland,Yes
516,The Grand Budapest Hotel,"Wes Anderson, Scott Rudin, Steven Rales, and Jeremy Dawson",Yes
517,The Imitation Game,"Nora Grossman, Ido Ostrowsky, and Teddy Schwarzman",Yes
518,Selma,"Christian Colson, Oprah Winfrey, Dede Gardner, and Jeremy Kleiner",Yes
519,The Theory of Everything,"Tim Bevan, Eric Fellner, Lisa Bruce, and Anthony McCarten",Yes
520,Whiplash,"Jason Blum, Helen Estabrook, and David Lancaster",Yes
521,Spotlight,"Blye Pagon Faust, Steve Golin, Nicole Rocklin, and Michael Sugar",Yes
522,The Big Short,"Dede Gardner, Jeremy Kleiner, and Brad Pitt",Yes
523,Bridge of Spies,"Steven Spielberg, Marc Platt, and Kristie Macosko Krieger",Yes
524,Brooklyn,Finola Dwyer and Amanda Posey,Yes
525,Mad Max: Fury Road,Doug Mitchell and George Miller,Yes
526,The Martian,"Simon Kinberg, Ridley Scott, Michael Schaefer, and Mark Huffam",Yes
527,The Revenant,"Arnon Milchan, Steve Golin, Alejandro González Iñárritu, Mary Parent, and Keith Redmon",Yes
528,Room,Ed Guiney,Yes
529,Moonlight,"Adele Romanski, Dede Gardner, and Jeremy Kleiner",Yes
530,Arrival,"Shawn Levy, Dan Levine, Aaron Ryder, and David Linde",Yes
531,Fences,"Scott Rudin, Denzel Washington, and Todd Black",Yes
532,Hacksaw Ridge,Bill Mechanic and David Permut,Yes
533,Hell or High Water,Carla Hacken and Julie Yorn,Yes
534,Hidden Figures,"Donna Gigliotti, Peter Chernin, Jenno Topping, Pharrell Williams, and Theodore Melfi",Yes
535,La La Land,"Fred Berger, Jordan Horowitz, and Marc Platt",Yes
536,Lion,"Emile Sherman, Iain Canning, and Angie Fielder",Yes
537,Manchester by the Sea,"Matt Damon, Kimberly Steward, Chris Moore, Lauren Beck, and Kevin J. Walsh",Yes
538,The Shape of Water,Guillermo del Toro and J. Miles Dale,Yes
539,Call Me by Your Name,"Peter Spears, Luca Guadagnino, Emilie Georges, and Marco Morabito",Yes
540,Darkest Hour,"Tim Bevan, Eric Fellner, Lisa Bruce, Anthony McCarten, and Douglas Urbanski",Yes
541,Dunkirk,Emma Thomas and Christopher Nolan,Yes
542,Get Out,"Sean McKittrick, Jason Blum, Edward H. Hamm Jr., and Jordan Peele",Yes
543,Lady Bird,"Scott Rudin, Eli Bush, and Evelyn O'Neill",Yes
544,Phantom Thread,"JoAnne Sellar, Paul Thomas Anderson, Megan Ellison, and Daniel Lupi",Yes
545,The Post,"Amy Pascal, Steven Spielberg, and Kristie Macosko Krieger",Yes
546,"Three Billboards Outside Ebbing, Missouri","Graham Broadbent, Peter Czernin, and Martin McDonagh",Yes
547,Green Book,"Jim Burke, Charles B. Wessler, Brian Currie, Peter Farrelly, and Nick Vallelonga",Yes
548,Black Panther,Kevin Feige,Yes
549,BlacKkKlansman,"Sean McKittrick, Jason Blum, Raymond Mansfield, Jordan Peele, and Spike Lee",Yes
550,Bohemian Rhapsody,Graham King,Yes
551,The Favourite,"Ceci Dempsey, Ed Guiney, Lee Magiday, and Yorgos Lanthimos",Yes
552,Roma,Gabriela Rodríguez and Alfonso Cuarón,Yes
553,A Star Is Born,"Bill Gerber, Bradley Cooper, and Lynette Howell Taylor",Yes
554,Vice,"Dede Gardner, Jeremy Kleiner, Adam McKay, and Kevin Messick",Yes
555,Parasite,Kwak Sin-ae and Bong Joon-ho,Yes
556,Ford v Ferrari,"Peter Chernin, Jenno Topping, and James Mangold",Yes
557,The Irishman,"Martin Scorsese, Robert De Niro, Jane Rosenthal, and Emma Tillinger Koskoff",Yes
558,Jojo Rabbit,"Carthew Neal, Taika Waititi, and Chelsea Winstanley",Yes
559,Joker,"Todd Phillips, Bradley Cooper, and Emma Tillinger Koskoff",Yes
560,Little Women,Amy Pascal,Yes
561,Marriage Story,Noah Baumbach and David Heyman,Yes
562,1917,"Sam Mendes, Pippa Harris, Jayne-Ann Tenggren, and Callum McDougall",Yes
563,Once Upon a Time in Hollywood,"David Heyman, Shannon McIntosh, and Quentin Tarantino",Yes
564,Nomadland,"Frances McDormand, Peter Spears, Mollye Asher, Dan Janvey, and Chloé Zhao",Yes
565,The Father,"David Parfitt, Jean-Louis Livi, and Philippe Carcassonne",Yes
566,Judas and the Black Messiah,"Shaka King, Charles D. King, and Ryan Coogler",Yes
567,Mank,"Ceán Chaffin, Eric Roth, and Douglas Urbanski",Yes
568,Minari,Christina Oh,Yes
569,Promising Young Woman,"Ben Browning, Ashley Fox, Emerald Fennell, and Josey McNamara",Yes
570,Sound of Metal,Bert Hamelinck and Sacha Ben Harroche,Yes
571,The Trial of the Chicago 7,Marc Platt and Stuart M. Besser,Yes
572,CODA,"Philippe Rousselet, Fabrice Gianfermi, and Patrick Wachsberger",Yes
573,Belfast,"Laura Berwick, Kenneth Branagh, Becca Kovacik, and Tamar Thomas",Yes
574,Don't Look Up,Adam McKay and Kevin Messick,Yes
575,Drive My Car,Teruhisa Yamamoto,Yes
576,Dune,"Mary Parent, Denis Villeneuve, and Cale Boyter",Yes
577,King Richard,"Tim White, Trevor White, and Will Smith",Yes
578,Licorice Pizza,"Sara Murphy, Adam Somner, and Paul Thomas Anderson",Yes
579,Nightmare Alley,"Guillermo del Toro, J. Miles Dale, and Bradley Cooper",Yes
580,The Power of the Dog,"Jane Campion, Tanya Seghatchian, Emile Sherman, Iain Canning, and Roger Frappier",Yes
581,West Side Story,Steven Spielberg and Kristie Macosko Krieger,Yes
582,Everything Everywhere All at Once,"Daniel Kwan, Daniel Scheinert, and Jonathan Wang",Yes
583,All Quiet on the Western Front,Malte Grunert,Yes
584,Avatar: The Way of Water,James Cameron and Jon Landau,Yes
585,The Banshees of Inisherin,"Graham Broadbent, Peter Czernin, and Martin McDonagh",Yes
586,Elvis,"Baz Luhrmann, Catherine Martin, Gail Berman, Patrick McCormick, and Schuyler Weiss",Yes
587,The Fabelmans,"Kristie Macosko Krieger, Steven Spielberg, and Tony Kushner",Yes
588,Tár,"Todd Field, Alexandra Milchan, and Scott Lambert",Yes
589,Top Gun: Maverick,"Tom Cruise, Christopher McQuarrie, David Ellison, and Jerry Bruckheimer",Yes
590,Triangle of Sadness,Erik Hemmendorff and Philippe Bober,Yes
591,Women Talking,"Dede Gardner, Jeremy Kleiner, and Frances McDormand",Yes
592,Oppenheimer,"Emma Thomas, Charles Roven, and Christopher Nolan",Yes
593,American Fiction,"Ben LeClair, Nikos Karamigios, Cord Jefferson, and Jermaine Johnson",Yes
594,Anatomy of a Fall,Marie-Ange Luciani and David Thion,Yes
595,Barbie,"David Heyman, Margot Robbie, Tom Ackerley, and Robbie Brenner",Yes
596,The Holdovers,Mark Johnson,Yes
597,Killers of the Flower Moon,"Dan Friedkin, Bradley Thomas, Martin Scorsese, and Daniel Lupi",Yes
598,Maestro,"Bradley Cooper, Steven Spielberg, Fred Berner, Amy Durning, and Kristie Macosko Krieger",Yes
599,Past Lives,"David Hinojosa, Christine Vachon, and Pamela Koffler",Yes
600,Poor Things,"Ed Guiney, Andrew Lowe, Yorgos Lanthimos, and Emma Stone",Yes
601,The Zone of Interest,James Wilson,Yes
602,Anora,"Alex Coco, Samantha Quan, and Sean Baker",Yes
603,The Brutalist,"Nick Gordon, Brian Young, Andrew Morrison, D.J. Gugenheim, and Brady Corbet",Yes
604,A Complete Unknown,"Fred Berger, James Mangold, and Alex Heineman",Yes
605,Conclave,"Tessa Ross, Juliette Howell, and Michael A. Jackman",Yes
606,Dune: Part Two,"Mary Parent, Cale Boyter, Tanya Lapointe, and Denis Villeneuve",Yes
607,Emilia Pérez,Pascal Caucheteux and Jacques Audiard,Yes
608,I'm Still Here,Maria Carlota Bruno and Rodrigo Teixeira,Yes
609,Nickel Boys,"Dede Gardner, Jeremy Kleiner, and Joslyn Barnes",Yes
610,The Substance,"Coralie Fargeat, Tim Bevan, and Eric Fellner",Yes
611,Wicked,Marc Platt,Yes
612,Oldest winner,Saul Zaentz,Yes
613,Oldest nominee,Clint Eastwood,Yes
614,Youngest winner,Carl Laemmle Jr.,Yes
615,Youngest nominee,"22 years, 144 days",Yes
616,"3 wins[84]
Sam Spiegel
Saul Zaentz","2 wins[84]
Clint Eastwood
Arthur Freed
Dede Gardner
Jeremy Kleiner
Branko Lustig
Albert S. Ruddy
Robert Wise",Yes
617,"13 nominations[84][85]
Steven Spielberg
9 nominations[84]
Scott Rudin
8 nominations[84]
Kathleen Kennedy
Dede Gardner
7 nominations[84]
Eric Fellner
Jeremy Kleiner
6 nominations[84]
Tim Bevan
Stanley Kramer
5 nominations[84]
Bradley Cooper
Francis Ford Coppola
Clint Eastwood
Frank Marshall
Kristie Macosko Krieger
4 nominations[84]
Warren Beatty
James L. Brooks
David Brown
Ethan Coen
Megan Ellison
Donna Gigliotti
Peter Jackson
Norman Jewison
Graham King
Marc Platt
Sydney Pollack
David Puttnam
Martin Scorsese
Sam Spiegel
George Stevens
Irwin Winkler","3 nominations
Paul Thomas Anderson
Lawrence Bender
Jason Blum
James Cameron
Iain Canning
Ceán Chaffin
Robert Chartoff
Joel Coen
Bruce Cohen
Christian Colson
Michael De Luca
Steve Golin
Alejandro González Iñárritu
Brian Grazer
Ed Guiney
David Heyman
Mark Johnson
Stanley Kubrick
Jon Landau
Robert Lorenz
Daniel Lupi
Ismail Merchant
Christopher Nolan
Barrie M. Osborne
Patrick J. Palmer
Mary Parent
Brad Pitt
Emile Sherman
Emma Thomas
Emma Tillinger Koskoff
Hal B. Wallis
Fran Walsh
Robert Wise
Saul Zaentz
Richard D. Zanuck",Yes
618,Columbia Pictures,56,Yes
619,United Artists,48,Yes
620,Paramount Pictures,22,Yes
621,Universal Pictures,37,Yes
622,Metro-Goldwyn-Mayer,40,Yes
623,Warner Bros. Pictures,28,Yes
624,20th Century Fox,64,Yes
625,Fox Searchlight Pictures,23,Yes
626,Miramax Films,21,Yes
627,DreamWorks,15,Yes
628,Orion Pictures,9,Yes
629,Plan B Entertainment,9,Yes
630,Regency Enterprises,8,Yes
631,A24,8,Yes
632,The Weinstein Company,6,Yes
633,Selznick International Pictures,5,Yes
634,Neon,4,Yes
635,RKO Pictures,11,Yes
636,Samuel Goldwyn Productions,8,Yes
637,Lionsgate Films,5,Yes
638,Apple TV+,2,Yes
639,J. Arthur Rank-Two Cities Films,3,Yes
640,New Line Cinema,3,Yes
641,Hear/Say Productions,2,Yes
642,Summit Entertainment,2,Yes
643,Focus Features,19,Yes
644,Netflix,10[88][89],Yes
645,Sony Pictures Classics,9,Yes
646,Touchstone Pictures,6,Yes
647,Annapurna Pictures,5,Yes
648,Walt Disney Pictures,4,Yes
649,Cosmopolitan Productions,3,Yes
650,Amazon MGM Studios,3,Yes
651,Pixar Animation Studios,2,Yes
652,Hollywood Pictures,2,Yes
653,The Caddo Company,2,Yes
654,Walter Wanger Productions,2,Yes
655,Mercury,2,Yes
656,"Picture
Director
Actor
Actress
Supporting Actor
Supporting Actress
Adapted Screenplay
Original Screenplay
Animated Feature
Documentary Feature Film
International Feature Film
Animated Short Film
Documentary Short Film
Live Action Short Film
Cinematography
Costume Design
Film Editing
Makeup and Hairstyling
Original Score
Original Song
Production Design
Sound
Visual Effects
Proposed awards
Popular Film",Popular Film,Yes
657,"Governors Awards
Academy Honorary Award
Irving G. Thalberg Memorial Award
Jean Hersholt Humanitarian Award
Special Achievement Academy Award
Academy Scientificand Technical Awards
Academy Award of Merit (non-competitive)
Scientific and Engineering Award
Technical Achievement Award
John A. Bonner Medal of Commendation
Gordon E. Sawyer Award
Student Awards
Student Academy Award","Academy Honorary Award
Irving G. Thalberg Memorial Award
Jean Hersholt Humanitarian Award
Special Achievement Academy Award",Yes
658,"Merit Awards
Assistant Director
Dance Direction
Sound Editing
Story
Special Awards
Academy Juvenile Award","Assistant Director
Dance Direction
Sound Editing
Story",Yes
